{"mean":{"confidence_interval":{"confidence_level":0.95,"lower_bound":0.19186709905203972,"upper_bound":0.24864930794058382},"point_estimate":0.21806274798852998,"standard_error":0.014933306293329503},"median":{"confidence_interval":{"confidence_level":0.95,"lower_bound":0.1861209339338803,"upper_bound":0.21666210707795874},"point_estimate":0.19984866496690357,"standard_error":0.006883440883201164}}