{"mean":{"confidence_interval":{"confidence_level":0.95,"lower_bound":-0.03625602385108224,"upper_bound":0.0622741900613067},"point_estimate":0.011375644861571388,"standard_error":0.025146790022912827},"median":{"confidence_interval":{"confidence_level":0.95,"lower_bound":-0.0022510158335653507,"upper_bound":0.041257540415950526},"point_estimate":0.012760327597773236,"standard_error":0.011624854117686899}}