{"mean":{"confidence_interval":{"confidence_level":0.95,"lower_bound":-0.061353370740656187,"upper_bound":0.0026567942969303324},"point_estimate":-0.02722292315621233,"standard_error":0.016283745226276618},"median":{"confidence_interval":{"confidence_level":0.95,"lower_bound":-0.0010873602534972049,"upper_bound":0.032037099574494965},"point_estimate":0.021917850875370792,"standard_error":0.008154835906145632}}