{"mean":{"confidence_interval":{"confidence_level":0.95,"lower_bound":0.05034215609152555,"upper_bound":0.13318624217413327},"point_estimate":0.08784060599331789,"standard_error":0.021032955402811023},"median":{"confidence_interval":{"confidence_level":0.95,"lower_bound":0.051561444905542375,"upper_bound":0.08003882431087761},"point_estimate":0.0687782306032394,"standard_error":0.007468054979754801}}