{"mean":{"confidence_interval":{"confidence_level":0.95,"lower_bound":0.04164237613327339,"upper_bound":0.08104553956620382},"point_estimate":0.060233742887845665,"standard_error":0.01000169549810649},"median":{"confidence_interval":{"confidence_level":0.95,"lower_bound":0.02664898746862865,"upper_bound":0.04779890487572791},"point_estimate":0.03955766789299542,"standard_error":0.005362763178234432}}