{"mean":{"confidence_interval":{"confidence_level":0.95,"lower_bound":-0.15031487886375028,"upper_bound":-0.10290861183722898},"point_estimate":-0.12565908793344926,"standard_error":0.012081532529051647},"median":{"confidence_interval":{"confidence_level":0.95,"lower_bound":-0.1200802975068389,"upper_bound":-0.08171786426128666},"point_estimate":-0.09736355512517914,"standard_error":0.008690414075589278}}