{"mean":{"confidence_interval":{"confidence_level":0.95,"lower_bound":-0.05534505214482258,"upper_bound":-0.016459417227862285},"point_estimate":-0.035263136669480555,"standard_error":0.009879386749350481},"median":{"confidence_interval":{"confidence_level":0.95,"lower_bound":-0.01805537827677761,"upper_bound":0.023109409491738342},"point_estimate":0.007201816535256533,"standard_error":0.010570931377548056}}