{"mean":{"confidence_interval":{"confidence_level":0.95,"lower_bound":-0.02441879241081983,"upper_bound":0.012481220806996174},"point_estimate":-0.006268967900450062,"standard_error":0.009386207456287382},"median":{"confidence_interval":{"confidence_level":0.95,"lower_bound":-0.03836100983652091,"upper_bound":-0.0016011197871399485},"point_estimate":-0.019456822896066872,"standard_error":0.010117925503257076}}