{"mean":{"confidence_interval":{"confidence_level":0.95,"lower_bound":-0.19247387824058612,"upper_bound":-0.1540273193483068},"point_estimate":-0.17270162020722646,"standard_error":0.00983083895771451},"median":{"confidence_interval":{"confidence_level":0.95,"lower_bound":-0.1634056179930612,"upper_bound":-0.13588635196403887},"point_estimate":-0.15303706565382502,"standard_error":0.007022807261505105}}