{"mean":{"confidence_interval":{"confidence_level":0.95,"lower_bound":-0.24667191328817295,"upper_bound":-0.1711562018329418},"point_estimate":-0.2086702191099329,"standard_error":0.019343034603648245},"median":{"confidence_interval":{"confidence_level":0.95,"lower_bound":-0.1372056294807137,"upper_bound":-0.11437625149633945},"point_estimate":-0.12489674183505184,"standard_error":0.005935699349106572}}