{"mean":{"confidence_interval":{"confidence_level":0.95,"lower_bound":0.01923442891315579,"upper_bound":0.045794961933755735},"point_estimate":0.03183848854555604,"standard_error":0.006796872354841665},"median":{"confidence_interval":{"confidence_level":0.95,"lower_bound":0.030087232643266626,"upper_bound":0.040116378633839656},"point_estimate":0.03584070334728784,"standard_error":0.0027584335867530513}}