{"mean":{"confidence_interval":{"confidence_level":0.95,"lower_bound":0.11507827990187239,"upper_bound":0.260787988997303},"point_estimate":0.18267223511910147,"standard_error":0.03702971062399887},"median":{"confidence_interval":{"confidence_level":0.95,"lower_bound":0.07395985819044393,"upper_bound":0.19244746647757105},"point_estimate":0.1292845678642669,"standard_error":0.0312794607053693}}