{"mean":{"confidence_interval":{"confidence_level":0.95,"lower_bound":0.18459828421517133,"upper_bound":0.2908493398392847},"point_estimate":0.23709096764774906,"standard_error":0.0274031214685985},"median":{"confidence_interval":{"confidence_level":0.95,"lower_bound":0.1222985354981565,"upper_bound":0.25353205407930934},"point_estimate":0.1730272680196443,"standard_error":0.043756226418304595}}