{"mean":{"confidence_interval":{"confidence_level":0.95,"lower_bound":0.05557981941189865,"upper_bound":0.08157323098605106},"point_estimate":0.06765189442867259,"standard_error":0.006639736942282112},"median":{"confidence_interval":{"confidence_level":0.95,"lower_bound":0.061127581548396925,"upper_bound":0.07130039762370807},"point_estimate":0.06727113805527551,"standard_error":0.0026426212685625606}}