{"mean":{"confidence_interval":{"confidence_level":0.95,"lower_bound":-0.13013682208538654,"upper_bound":-0.09909525684229743},"point_estimate":-0.11424228876949039,"standard_error":0.007888634881575365},"median":{"confidence_interval":{"confidence_level":0.95,"lower_bound":-0.1134577528216575,"upper_bound":-0.09515296265418605},"point_estimate":-0.10457456910782315,"standard_error":0.004530557889843372}}