{"mean":{"confidence_interval":{"confidence_level":0.95,"lower_bound":42613.91429728536,"upper_bound":43713.90161892534},"point_estimate":43116.182860395806,"standard_error":281.4515474268744},"median":{"confidence_interval":{"confidence_level":0.95,"lower_bound":41957.47593582888,"upper_bound":43443.757429901634},"point_estimate":43006.31972610723,"standard_error":328.8435162223804},"median_abs_dev":{"confidence_interval":{"confidence_level":0.95,"lower_bound":1429.1411181077865,"upper_bound":2314.6739932016576},"point_estimate":1791.5812954173246,"standard_error":192.0179623060255},"slope":{"confidence_interval":{"confidence_level":0.95,"lower_bound":41304.1138643215,"upper_bound":43671.80909126871},"point_estimate":42279.28879790964,"standard_error":622.9868396642561},"std_dev":{"confidence_interval":{"confidence_level":0.95,"lower_bound":1619.958474185393,"upper_bound":3940.052737669384},"point_estimate":2821.02247047013,"standard_error":599.3741985032071}}