{"mean":{"confidence_interval":{"confidence_level":0.95,"lower_bound":28956.949865992745,"upper_bound":30117.413610837426},"point_estimate":29509.890228235443,"standard_error":296.3940361871848},"median":{"confidence_interval":{"confidence_level":0.95,"lower_bound":28433.689768489457,"upper_bound":29807.52380952381},"point_estimate":29594.924080547113,"standard_error":434.46289629476524},"median_abs_dev":{"confidence_interval":{"confidence_level":0.95,"lower_bound":2135.777686986213,"upper_bound":3223.606532769543},"point_estimate":2443.3580578978126,"standard_error":316.70331032207014},"slope":{"confidence_interval":{"confidence_level":0.95,"lower_bound":27201.276110624487,"upper_bound":28158.714578203526},"point_estimate":27603.811002132195,"standard_error":246.06182886271637},"std_dev":{"confidence_interval":{"confidence_level":0.95,"lower_bound":2047.6133958730954,"upper_bound":3800.1738173378676},"point_estimate":2978.1139838090185,"standard_error":441.9733971004103}}