{"mean":{"confidence_interval":{"confidence_level":0.95,"lower_bound":0.08470470900806529,"upper_bound":0.13650914242408738},"point_estimate":0.11129129963271955,"standard_error":0.013075828997862221},"median":{"confidence_interval":{"confidence_level":0.95,"lower_bound":0.07008408416489931,"upper_bound":0.131979118615982},"point_estimate":0.11617206079308806,"standard_error":0.01762845161408381}}