{"mean":{"confidence_interval":{"confidence_level":0.95,"lower_bound":0.2231284018801977,"upper_bound":0.26122818773932927},"point_estimate":0.2421793991692307,"standard_error":0.00966467841379027},"median":{"confidence_interval":{"confidence_level":0.95,"lower_bound":0.2363290446511357,"upper_bound":0.26245735684730165},"point_estimate":0.2527294660843511,"standard_error":0.00636923695976504}}