{"mean":{"confidence_interval":{"confidence_level":0.95,"lower_bound":0.19154766165666307,"upper_bound":0.2363117371553592},"point_estimate":0.2138181557757537,"standard_error":0.01147432486199359},"median":{"confidence_interval":{"confidence_level":0.95,"lower_bound":0.22577513767889013,"upper_bound":0.2856583033378013},"point_estimate":0.25595683015160864,"standard_error":0.020154385975473834}}