{"mean":{"confidence_interval":{"confidence_level":0.95,"lower_bound":0.10422525680183017,"upper_bound":0.15921938469651462},"point_estimate":0.13234566792603975,"standard_error":0.013970159838129076},"median":{"confidence_interval":{"confidence_level":0.95,"lower_bound":0.12024791775714583,"upper_bound":0.1708133252205546},"point_estimate":0.13933719191933558,"standard_error":0.013111840198843034}}