{"mean":{"confidence_interval":{"confidence_level":0.95,"lower_bound":-0.1166576213918913,"upper_bound":-0.045318985308371314},"point_estimate":-0.07959277850387769,"standard_error":0.01825462454322313},"median":{"confidence_interval":{"confidence_level":0.95,"lower_bound":-0.05909160828753046,"upper_bound":-0.0138332871382576},"point_estimate":-0.03905866069535058,"standard_error":0.01146088228435885}}