{"mean":{"confidence_interval":{"confidence_level":0.95,"lower_bound":-0.08864842497820327,"upper_bound":-0.052022743707901005},"point_estimate":-0.07033575985250085,"standard_error":0.009322991046485948},"median":{"confidence_interval":{"confidence_level":0.95,"lower_bound":-0.09030168772453417,"upper_bound":-0.05925709151443026},"point_estimate":-0.0768567966459347,"standard_error":0.00782612878075919}}