{"mean":{"confidence_interval":{"confidence_level":0.95,"lower_bound":-0.038640715264485,"upper_bound":0.03075957538923424},"point_estimate":-0.008889453516800483,"standard_error":0.017706089025754927},"median":{"confidence_interval":{"confidence_level":0.95,"lower_bound":-0.029639659498790105,"upper_bound":0.00206123694192617},"point_estimate":-0.015919609024937498,"standard_error":0.007684173875484277}}