{"mean":{"confidence_interval":{"confidence_level":0.95,"lower_bound":-0.055300891011265556,"upper_bound":-0.014009501757529144},"point_estimate":-0.03345029890171669,"standard_error":0.010528456143212517},"median":{"confidence_interval":{"confidence_level":0.95,"lower_bound":-0.03916809300932156,"upper_bound":-0.011241474036724597},"point_estimate":-0.02694527695390625,"standard_error":0.007480058001538933}}