{"mean":{"confidence_interval":{"confidence_level":0.95,"lower_bound":0.2304644673752343,"upper_bound":0.2836103583226366},"point_estimate":0.2555964540676632,"standard_error":0.013668433098330088},"median":{"confidence_interval":{"confidence_level":0.95,"lower_bound":0.23410624969175498,"upper_bound":0.28137830306259226},"point_estimate":0.255863349825838,"standard_error":0.01091889072949671}}