{"mean":{"confidence_interval":{"confidence_level":0.95,"lower_bound":110012715.45975,"upper_bound":119876058.76},"point_estimate":114670170.35,"standard_error":2522559.824001567},"median":{"confidence_interval":{"confidence_level":0.95,"lower_bound":103040968.0,"upper_bound":114958188.0},"point_estimate":107556753.5,"standard_error":3978876.4603039916},"median_abs_dev":{"confidence_interval":{"confidence_level":0.95,"lower_bound":14318521.333095431,"upper_bound":23442213.25071752},"point_estimate":17426259.924522042,"standard_error":2391538.6143476125},"slope":null,"std_dev":{"confidence_interval":{"confidence_level":0.95,"lower_bound":18201039.33954221,"upper_bound":32321162.895440847},"point_estimate":25379575.59235664,"standard_error":3634033.308885464}}