{"mean":{"confidence_interval":{"confidence_level":0.95,"lower_bound":0.02270077089176444,"upper_bound":0.052206873542652396},"point_estimate":0.036619720477730544,"standard_error":0.007505833743210787},"median":{"confidence_interval":{"confidence_level":0.95,"lower_bound":0.03998135307362105,"upper_bound":0.0564168865004826},"point_estimate":0.04657488716239877,"standard_error":0.003982970326183508}}